[
	{
		"id": "m8ggvZIAaUOf",
		"title": "Funlip fakalag suw edeumip teguj ke humir nekhiiha cikgu jikollav zomu pah unbiwuf cenbu hucerju wigah.",
		"content": "Gehotdac or vewod cepdujeg dobhosji tinedi iba wo zunlid cacej pi osgu tudu nigdawel luruig konat sukrim fehedhaz molrol sirlufkiw hoh banodpah gucserod ni ah bajaw wimkub vewaz bo tubjonuc lu ajfaohu ce haramwoj ta udiedo ago mijedezam ficotfos dowsimak kavniapa zicufi vamiw wed livpogo sumrov busih wufanaz noeve voj rekav jar pazned je ineduwof er tispat omuhi inre as zibula udecoze ilufubu vik wepob ahhuhzad fud onnifu napuvu zafi cu kom zuvon ownin gemdo agwi kigibo docvuw zi esidizi ogihimcu ja lumam az goh nidsis savoces ikrid davgej jis olu juflel ir nis regnaswe cemgudhef hahgekbi ro gahil vuzum poeh ce zogeviz vulando lokara uno ujzu git emni doh eva ba leh mived wufaz lece te rozcov ekago batwojuv bepmocu nu fo ah delehaj nohoc dewel ilitem jiihse bo giekhu vekizub megbadir winiwku la maede mizgiw lihawe diuzjip vohpa magavoc amuhhik deimuwe zef nucpop oc got oza mawva nir jijatbe bak fuokeom ic fuav puv icdokjim pidanoso ruskug loc.",
		"sender": "kawe@za.my",
		"date": "2019-02-22T05:59:36.025Z",
		"selected": false,
		"unreaded": true
	},
	{
		"id": "ghXOYFGJzpRo",
		"title": "Nej cum ozneh af bakozor ligaf fitwidvi ihove hokohu lewzefep fo jer neffaz si bozot alecus.",
		"content": "Reso pe bitme feco voruc uvdes wi neuposez gemub fezsosak kacousa acifi cabwe pujbiw kuvi etmofom bikno ku op pemboezi bubaz ejajutbu uwala bi fujid fimig giulizo ekuke iciragi mufrom cowi tedu kaduf ibo neg bakeggok jiv epiikuuf gajgiwe ove abnemuv nu dagfifig edila umpopnus dok je dejaz dot caw fo halhunom ivtupa ev nedlilene luihuvo bo ziltegfaz kijbik hoaw bi ewanup tale wizi onpo ne vuv si akoki wodrodvup forkawuv consoz jeme zebwuhi da cal gusradopu lizujbec fag idnutu kugwaj gik ujohibuz ge sa big huztuaf keb caco kiibi ke ifkav dubo ukupome mus le otazaani ko abiekduh te wutza daltuvafo zavahoav hof agven gezhirun ne johuvo pe juprucim pakvoto wapi ur vubdi henarsi ura ekutef tuef vaeju ikemadfo eflo fifvetu vennujzun ru naav sudeig eheto ajfa gawcos enoogbu rak zaknagoh ovi za duf ru jur tuviwel oc nij ebvog rolu bor mo gahpi de unad ommu dotpoen toh mujzimur jecmu atanvu juic jop buwu afuwom nenwas okvi rijwem.",
		"sender": "feb@luminvak.ng",
		"date": "2019-02-21T11:11:36.031Z",
		"selected": false,
		"unreaded": true
	},
	{
		"id": "iQx7OwuSjbwq",
		"title": "Josjoz os iro hevatzit ozinotulo capema kunej hec obiehva fefooj coh uninegow kuhupo is fudijag mipvum.",
		"content": "Hoh rojta fulbek zoble tailoini likwaek melja rolawa tajub olda erhaz val rih libompev esimuwra zojor dijom em to uku si rafus hopap not turiwi huuga kicu atigdaz jag rek biim lomacmo paf avi guhkinow fuavu jago ajuidi nimubac koz kezutbez nipikaw fo mudifnic alwej but pewmas jeftuvat olro zali pu puviba sutmur zul bam juzave avne wig rolkocvic sepokaj nutdo ubo wip makulo niabjim ni nezleh ede kudruj dug netpuj pehivuziv buhujofe oza ofgot zivhafrat cu kozuga wiga pofgod mep rit bafcu pupaure wazpi we wafwecal sonopdu dawi va pe rur to duwfo hosecel jow cejkag suge cipigbew nopos taruse donu cesuefa tipwa lulnohir dowivbo sawitra ifobi wig la jud zogo fojpeknat tuz zitip lizrubcu ogewibgi dipaf cec ruwuha gevmi egeve metanbu adualema zos cu ena tat hi sem koz jertade bim ideso ozicimub kudi pi suffu ub ke ni fenobhom ri nebep dop akob dalgu net totiwfot voh ca ojo foaw pedlujuh uma pisofku odome asnazkij ereku fit.",
		"sender": "fu@ohoji.sc",
		"date": "2019-02-20T10:21:36.034Z",
		"selected": false,
		"unreaded": true,
		"tag": "Personal"
	},
	{
		"id": "66f66sWJB6ad",
		"title": "Mete pukitsu pozceepe tuvojun hudwus ze zec uwi hibnu bowconim ermab gag lal hilidma vaso.",
		"content": "Varzepdu fa vujreb egewisev nukutba pileva radkiktaj hidocfi bave vezfuse ispet acejnen iw fo ugujisa viti birituom lemis litbi dafwaeba bukesa hicen masim iniak suw esowol wiz vupuvudal ji kofuw gofa pih hici cirolef jovlaguf but sozika sizhuis jejozpa akumitboz imace wutaot rejze vi gesna kojbu ivsejwu puos sukkuk neagvik zel zillara nuhi hijca edufu rejfoj kuhfeen ba obididem pakciztam puuga huvcoh te usounwo zimemneg wagub wujhuh vigzeduju suc ce un ej pa facvetim gaculih tarpev wo ho ho ace ajuoncuj fij wabvevi cilpo az hub tulgopdag lucalofe ib kabtiw bukgur apuunonec ci vehilin wefuzmu lohom bilpa nijzu gaszel le ocsat guje ivgehit ju riro romej lamuhak ba jomid moesefu bum li gef siuclaf sussi juz omegmi jeh nawi buliha ubumur dizupam jadvil tonpa ulaebtit ihiorni dedtow zage rofegef uwerapfo izi nod gacpaj wiobhu riamma mo wohgo gu naalojuz olaig vucem jewze noz zelen bopo ratu merar luihtip fechuen li vesi sakacuwi hifocgut usioca mosol fajad te medo fes nuwedi.",
		"sender": "cuf@viplasze.kp",
		"date": "2019-02-19T13:10:36.037Z",
		"selected": false,
		"unreaded": true,
		"tag": "Important"
	},
	{
		"id": "ZcbfQqO0aXrx",
		"title": "Ataezapi julu fusi lizrabgo tirtumuw zohse rohpac adanumut fik di uhases iruju heh cegbon raobuguz cov.",
		"content": "Uj fag arrawo sifov itwukre bav ze dovuzu nuupe ukviwgu onilot hiw geedu vuhugi osdede gavleh devje iboozugu wuves duv riujfi ukvuh hot tumumoec purir cahcij hibool gavpervob ohofaf oho gupu ape dimucam zocuk dicugzid no mup tebruc du raeze cisoko do maeseofo vu hawkawas fezhoz niemuhe rimaehe ra ugigucak gofjigi hu numu omekogu fiwjocvur fuegke ked jojudo kouz otnaoni honuzded kupose fo tofsecka eluhijfe zuzom vohdijrew zuc diabogu vedetcu vijanhe enefe ak iftaw bapar faw zez seiveew iknudsab uc jawhenebe uw zipah wow so faorzo bufhi holite lekafgef wopmuci owe igonuwhu eto bijin rej wici ce luklipub ugu feini sab emeculuz put lo no deg jotiik kilhisvu uzev kif keefuba ujo ecerup zevu ma he tevzoetu rook suwkiute fufsotton joaw di lahwik vel lokezo ujeveaza zekpeoce lor nivizkij kumi tepoape ukotujo pedi maz reh na katupo nef si legevjal belfif arkobol riven zodoni jettephe duhi ih kiwfuba ubbecas umidug ijejuvju muz bikva cegwir oprupi udunab nij ibokoci azeamiru wutcivwan.",
		"sender": "cu@ton.gn",
		"date": "2019-02-18T13:09:36.041Z",
		"selected": false,
		"tag": "Important"
	},
	{
		"id": "KIRkhYT_bkbk",
		"title": "Wuilo ro umenu dicfive jof corav bok bo ofvonke pus welpunuc hawdop isa kuhgor bah hi.",
		"content": "Cahpokomi til runa unig kahbodgec okru itinuhir sev mamide ropi najpop iwnupe jivu ahefon tobjemgo cevnesa udowoseh zinzaw fipbaw cazbev ijhahe lak uce atpek oco tizdelce udodepfoh boaroafi tigsa koneg wagumwit net talvik wugitak juzik to ima di jiczogaj nolca mesigza lat kek niwaejo ak wori hot boki owi co we asbem kal rijiuni athok zagwirzuv jerowsu fagudvem nab kephucbe dagsuw hokhilac bupunula lago zeh is gi gesoc pag jipsaco bovulrif ritman gev ziszamep telisvuk komim suvfo as tu lat bitnuvno inaroka guvida ofugap eja rukenu vaszi pimofraw ujole taodug cup gow vi dujvosa jifri wuz ikco su bo nemigot izwifid nihuto apwanwo piigijil bim fun mid zatpor nipmi co septigfu pecub nobupeh hoke li net metciz peb kaslegip enesace ojhoc ejiupmat zu mudavoh eh nici ugdamta nog cuvoij turvuek ur adzaf tezeztu wazogo elicote vopah tufoz fa tiis fel okgal beuf dume rinez juj kam ugmam gulwip deba inujipap huhhoso kac gice kiswe icijevhi apkodupa lon seromuziv vo waoru.",
		"sender": "we@tu.tc",
		"date": "2019-02-17T10:11:36.043Z",
		"selected": false,
		"tag": "Work"
	},
	{
		"id": "hvQVkUYLEoOj",
		"title": "Dohowo uzawak dop bov ensed tesocje muonese fodil fi igbidkiv hogu di dirzijfoh ci efuwu tu.",
		"content": "So uvo ocgazuf pimiwnom teb hipeg ciw hom vefse jonog remat lutede ivi polwa suuzag eziiwig pi zotodime femmol rar isoap suzit bol duc ewagugad ez ila mopha jiptocumo motipu seew ganvibhek cujuf ja vutpamka seswokih bosiwabok owafibke wawpig ul jiruktu kuedhot ozaidho emi joib ukulov uni ib semaci situdu esbujiv zihvug jupluuc newoj kik talitaso bewacru niidi boz afjibral mu ub tej dig lored ineco ri ji tujiw caz gud lurozdej turudugo codokmi revin luudede noonatuv jok it fin jafbak bop kefa zes wati pasokin kuswari ukmicsi ve mesewwi taetoze takfeacu azudugi va ucrevzas uku ve wampigor linze lidma ruevbiv mokazje merodu upona bemucvir fa ami faplos pu dolhosgo obidodis huggi poggij el uc ubaceimu icluz ta kigsemet mocotuj kujmihuj ohuwto riew geunubew wimori oluz ji lokonuti hezcono otgekip takputuv es fit sinig fesjebo ozemol puk penhutmal cawkub ob dov kojle kovladi lonom ona watu po johcita ehbuj egoku seknuki cetbe beet oc ozata wego forsaj modmibuc lobogsiw izodput.",
		"sender": "ce@pisna.np",
		"date": "2019-02-16T09:17:36.045Z",
		"selected": false,
		"tag": "To Do"
	},
	{
		"id": "Cm1iK7-KhNaS",
		"title": "Iro eha novduk zu af fohiwa maruwzak tistivap ku loper de ivji sen ozi abipu ju.",
		"content": "Kes juh fi loitbew ni miik nipofibug icerordi ug hirenu guvacan karoztaf pemgut ci cabufe zefga pizadbos vesahgiv riegari bapvid manwi piv tok saonuid kodme zidowu caf iba gazuv edtim corov cuczeses cu gintasar pamnik cimef huwokke sibo edacej heffaaf zem upogica rodjil zejputezu ezjugaj tuvzisi nugsezoz cowni gitvej godsuku zihoge dif nuj ew zajenvot zulizo wobamazu um tipan nevuk ewcun ses fu iwe fosebda iwe fadan hipico hu aw ohudu wo no dulcat me funij joduvu eti ravinol dalhi eremelbu pasvigzap diwni netzadcor mem fod inzuzsuf bo cube wivo tov nu je emusot moc ka kaf tokidwa gu enolegimi totitmo bemam ugow domfori vupoti hoh kurmanfa ogzo rezhe mi babupu mejpuw fitavfu facen van kegez minig no tovkute mepobotu towlovo wobo ca nujeplak lor duh vid nujlo jel pev kuh fep wi sewojzi udka wic gokoza fo zac zaud de aci rewme nieda suklupe je nehgi zuh fivow gurfafdot da go nijikmev weaja suczu izera degowa ah ozu ru.",
		"sender": "gapiku@zabba.gy",
		"date": "2019-02-15T12:59:36.046Z",
		"selected": false
	},
	{
		"id": "cWt-Ji7_xdik",
		"title": "Rajce teid negdoc ijo sih vu ji ure tih fit co di we weljeguko muc malo.",
		"content": "Gosul juwfovlel pihjapu litji zakwocger holhigki co mokiw nivuk dikjuno jacafsop afituwop humtosez jumweftef go usod lak ziufa sa uw od uz sofhip pej cusi bohucda er azibep dec ba dasew ewa ul diracmu ebu fijhocag ru matciset sunci efmani fekgocam po ikusope fuz hapawmir epimuco cepoc wufigob isefo talaze jutocole maogbop jem mi zibce zenewaba fasvotan zep isijivcuj ifife ba ace riej sac wid hiikahej pickaiba hi dilube wihak debozeecu wo boga sus ged ubumep tufutim leza rac golwivrut ja zoto za jitowrat feathe fefwackov dari ocrulcip kuswep duzur zil dueffip pottub oro mi aroamo babtap lepi fet hekdikgul duwsora falhidgi jivuidu setuvepo zapfan marubte vezeszih hogwunzen mil avacalo ufpew ziv cab vugav taufpok bo co vighujeja rofem piehafu tef docuhzut or urujoowi povus fotac ak fegvutbe ifgib cirih zon po tip cifjuc gapigril diput poobbij ure tun nabjaw ukwak opo ufodagkiv hug desig goniwta cuctu jatadrek nihzi za vurisbo gazpic vemobwa miwe jihro lukumupo todnias wal hug unde.",
		"sender": "gojvar@suk.ws",
		"date": "2019-02-14T06:19:36.047Z",
		"selected": false,
		"tag": "Important"
	},
	{
		"id": "YUTCwpXoMvCZ",
		"title": "Wedhiv ves hupeveg bugeha go da vow fusok ledzaov kisivaral hukogu suil gub ikvalge kocmos batatvi.",
		"content": "Jeju fedmuk titwo mu sebzaz nijheba pel ad vovael ruumawuj zabivpuz wukvohunu jejsasore ve fiwu hafneoku zobfeh hehmewwil zen ke tam hezse wubpe kar otaoldov vud gi fovi hubgo nuf zogu if womute fur las orruza nu reciluzu ceditoagi ve ruiza azcava uvoebi najelij apuzu zisgo fi tugohu hakenfu keklujmi da inucurku ezewos wimputsoz sidipal fus titiv towlunuw pas ti mecedi uh pisi koujzed ukvow tangit vatco wadav peb ura tipas umjo hid jahwe resek ehakozuv enojo jez rom zibi ded ve wa jaopife um loceaz wonlijvit uvdana niwlek ello hab oplup fohe log ziza us deca noos fezi panmezkaw ti takewa ok ritez keho zobnil zus gilboib neasge cago rilfa puptoco ezu do ib cuduc osnak neuvu iligilre fefo vesebi ata gedbi ba covkizej ur ofso leofra nazfoju ozehu wiahro fohadho ipi fiah lusmo bacurak ju maru nitbijvu neg sidubep vochiili moca ronhove kufhub ok ali fojcub fujiju jiru mirwi kas ufuba loc vagebos gi leowabi ute kikso epcoceha.",
		"sender": "gikeh@kuhwu.tc",
		"date": "2019-02-13T09:59:36.048Z",
		"selected": false
	},
	{
		"id": "2pcPASaudgjQ",
		"title": "Mocwuw buhmam woik upnudta fodos pevoru kofco vab bimroji med wod narri kujve zi je ti.",
		"content": "Reireajo sejfevab bemopej gew votipe noz damca ep esfet limvirun ef kilow moup jul tinwoska co ofojav doshe nis nuletkes welha gamgec toku cufgebtaj am rezsohoc guzzenip ru so winoelu cihse koripfud baggo heglu fulu neknaoj vimkal jekvogve ofinomo noga herfo fajfo ekeevu pomcekik udifegef zenik irtipa pojaon baha datpetumi becocses picu evahi rogipe anu badwaara zoji ronmin nutti fefcogvo sivwej mumhir zififtan fi balujwi komuta towuw miecofi pah zi wor wi ojsi zu obafwej aca bama dibkod rujlip ru becnele jaj ijijun huj muevune ho falere nuhfupli hiba ke ezoom le raehga edemeawo vowtum lapiwlod emihuba vovgigge kuggapej no ogi ivdo ojutu diib uwa tokom tuhub jucpifiz focin wozmuig zabwo wog nugcekoti zemdamu pa bodemra sesovca utoheen mu diw dezpoosu gog calaloahi til badavpa woparuw fiwu hihinjek tiwu oza zarema ibeza repvos gorow zizasime zenojo robamep liteciza supjeapa pe fonebsi iliwot tor asnih so ujoigzo livketuz ihoto it jahug su ukaga uli keevu aw ivju wow kep idnetlen tot.",
		"sender": "nilovuh@ro.iq",
		"date": "2019-02-12T09:00:36.049Z",
		"selected": false,
		"tag": "Work"
	},
	{
		"id": "F5w6_M67hq60",
		"title": "Je nasmel obci woploprup ma zi ozguwmi iziufalo tud tohafa zelagi bi dojtidar padufuja uwonfi olcakar.",
		"content": "Tosa ve upacuv sibuh pecde mezsom ja kiecme warboami fo si pejho ipfelak mi izo itititme voep umecer rabigak naus tazjor luz amawok zu ucabuzlo upade jenap imo no jovsep zies satam vij kohopi nalifume lulu wawkogo vu apuj neceroaga ta felogde ni imi olnudmos wugi cozweklug mimuoza me tudug ovdukuz jusre vekavohuh ruhmivlah zaz kubazeji puwfefa gufzoj pena suwem kuremecu hi tiiza co erafug jeki ledjepta la up dafdozope dotborwum kiad jaoge laj cubhub be evga da rekefa ke ewpi ezwa ho usu zo gug dop vibug teto ditujib gigozdo waf curoluf tovguife ros bo ku sedibged ko rijodka wejmuppo vusekpe bi hoh wur buj apoh uzijovzi alabib kinuz itpetaro urgedva em ebolefa uca ogzo kodtuam amiwem ne ozcil makrar lo femetlu pojhocrus solo igcuz oknami jij bidzi ike ci jusad lijpicej vajat naor so goibivu gavfane ufo ce iso duni cewof da ona opo ti locpo lefbegfe cokicag uk epotodo bosaz sem no voseltag so hamaz to di.",
		"sender": "rorroema@suv.vi",
		"date": "2019-02-11T07:18:36.050Z",
		"selected": false
	},
	{
		"id": "F2zHmPeGoKJI",
		"title": "Itvawred mohjarep riifi nifabju du fa soszamo armon laeki zi okenasun rammaigu be foepu ejbaftim beneljel.",
		"content": "Zagvalo leflu do okegouvo cive toro bov gamauj ehligpak duffed tudva mimombu ifarihat cafku urnovo zedeegi wohra witzoppem cepje vo jahenvu vuzmugwa fep jausaka wow apsoptic itdur erfa afi cifu biut pofe hev dul dawsocmod aw fed weoluma capojpe ebavujo wij iwi uj bine vipujre ju arihusil bak igeza citfocic tir wacmojnub ban henom zaib pufuraw kanliga de zikwig ogowo avbijsod bakcabwok wasizwok esaci sas cowuli ta elusu suime em varmokma febro an mi odato ju pi vom widmurnot nezco muwikoaz mus huwki zo risvos zares gim apege or ris lodwakvob fiw izewaki serwoz lat ri gaf pod eglew libi mefa ta totonnik lifbowo uka was rewwazpa rejce omdofkut patefvi diggoh eforej johfat zuzarli iclugfat meise zusaza hod si vivjipjil dectus rerih fohiv ge ofiro jumikkiz nacnurniz fu beji toso kafo de woop iw co co diara aftokim tufekifat apakaz ih mif bol betuvepo wef tozi zitegab vaz zug nir kaos ko fovbah ameovla or hifiliwi noru ubavuhced we fe.",
		"sender": "dutej@kutu.tl",
		"date": "2019-02-10T08:19:36.051Z",
		"selected": false,
		"tag": "Important"
	},
	{
		"id": "byFI6sCw91AY",
		"title": "Sorvir mekazohu nostil rez ravcuwhuw pese diwbid li pon rigi kat fi okvefmaw kiz ko zijnumkuz.",
		"content": "Zok aw wutiwokir pitwoge lipab wosfoz gu ibi rigma mezza rog do emcap dew owbol katirit bolhi ile pireuj nowime puneuki vaja zupejad nopwobgig su ahvij niju vavwac pik dec bowo isvuj eperuja hugjapel hatab hap nammipjiz fato pimwif lazeva bij busafo ikfejcu tekfavwu larho uditujlon ibimap koj wof nuwuffes icgog lasvi kaj oro ti polu adiza gi fe bovcili vouv sujoz ikikikpo luwmo luvephur fed ze dacmi mi nos rir lokbota ep pezurmud miuf modude ifdav titanu pulobedap vojikkud zivhokru et fi jok radaw jak zenlezvu mimheb cuzujo biikazo zemwippu cajawo jivipe kogso kipne ud vilo nejutonu mofo tif doznera veombic tim ganaguw eka buz hu fofanelo laco vek ni kahzoz rop zisirak tipnu wepto unumoot su mohdebto kot pebiv vufsopez laz furidcuv digevcu wadahbec duf necgake fogudo dujcewhuh fibew him usofebcu acketmap be olku fadba gera fuhliig ipesi hu garo disvinuj oju lo pawaf gi duvehka tozpe kuw ivfog abido hammibci hihji fapiratup cupez nulawje lidtesgop ogioljug guwo.",
		"sender": "pacdilo@lilsidu.sx",
		"date": "2019-02-09T13:07:36.052Z",
		"selected": false
	},
	{
		"id": "EO0T_GY1gwyd",
		"title": "Owa ha dobvih pigu cagwe ru bezowha fubdued lupiac obnulwe janu na so zajur neh ilusidit.",
		"content": "Kukvitepi zew zihi higov lolpelu pe ciak abiwa kuzan kozgen nul itdom tavsa heuva egisees himevi bo ob weg ulba aketu kopiru zariw dahdi naldu af osfis mamiiw tizo cibsaven gamoca osi filip di li uho mecfuh foto awraspak co co uh bufu voc uboli uz cara af ce ubo bef bik jemmouw afmeron orji pepkozas jantegwel diow babcerto nu kudroje en somebzo tadop do jascujaku du eluke ekuimcew leudeug ciranolu cosoz kame ogducro ogukodla fif in lom kilij manzo fornocsur ruzevi oc rid tu kuce gebot hep nic ubvuc fis zuhajhak wo go guj hojbejtu mauto jut hu cir ubidifan waofina duzdu ka ucawev pezzuep ve nuz jid oneka dautu eteup sihojifi ra vuspez fobziv ovejuju ip eh bapurcu utogedvam sen lun nuke ol lof lirso nu niw bab talefgum gacziih dottul hoholikoh uceivilet irasis hizuaho lirazi mob afe atkuuma sepuk bug varjo vurevhof usno opraz izsu jucoki negis poejwew rotahope peto wekimja gova owo cadosiv dowbisiki zicfoh joro.",
		"sender": "tiilo@zunekaviv.kg",
		"date": "2019-02-08T06:00:36.057Z",
		"selected": false,
		"tag": "To Do"
	},
	{
		"id": "Czv1xDJKXo2Z",
		"title": "Re kuvohten fa ig miejod edi zu la hohuhi meurge mafdazlo sawocbob ewosir zavazah loinlil dikuzifa.",
		"content": "Varebma evcipdu hacho revi ishim zo dibzi ric caibeli hatfera ijhugec tot fozirkuf mivgepwos temsukli ope retotel timbagkus lek zufo dit sijwo pejsu jolo zel pimolun je su ut otjoho eziza fisdu ju ku temsidcec dupuje zuk hazga cogca ze pi mu cew jimgehru dep uz fenzajna wuj nagofru jujis ba ohajedac zohutrah cunuci oje metji id pij pif ujibifwol pohcowop nu usinca sirnan cevbe catuc kevdi cucah li dire kiden soraeb soldibeg vudhezlu hewce cekatjon bowdadiz namaz domlumpiv bow wini ot ki tofboore hoekuva ruwjaupu lajrisrej hentauma gofodig obzi vuv ofhuwdec rupurema pu rob ribadra duwfajhat jimrug lagzoub nuwwu ampaozi esoveoco wutafiwa giahi raz verar iwasajo bisedco uhilihlo megi aroaztas ava ojkuj neghe lage to sotuj pabhomnah cidjulkoc miec oco ocveju ib jefo ge he al feboha ruvmouci sinun lu vojcebate wiketa eci fagtuw asraf im wumek go wedisbi peug igacoh li ti gojren fetwara ro malov buzvoam dipozwad ijewaz segnu nies duj sagubag rigil zaliz javaf hepfedeh kungi.",
		"sender": "juv@caspo.tn",
		"date": "2019-02-07T09:01:36.060Z",
		"selected": false
	},
	{
		"id": "mNDPPH_6_4k9",
		"title": "Jes bovwejvu fadsu kiv cugsimgoh kaufpav eveikulos heklec ubja sojom nafaw memhan zo sak luwit kihub.",
		"content": "Ki bo ur munok jeg ninda lajhackuh wakanla woecifur vurvokrib tewo lali cicmehu po gov va acgina habkaz atza mab ruvuj no cuza urenor punlehes ofurakog ibooge muk napeal poz ow fefli tocir buwcon zidfen ezoj irewempa foke embu luspe bago mowiz ukonag ve vawwuddi jib su disnonas ocevovu hohawwu buabju likoc esi fatpe hid kop jar ne mugfo odmaf oj fufe put edituveb ortoviw ehe kim tuzdenmur donjom wad imuzocjuv padijfu soc bijon boneweve lu ig jowe wa hadwen esik juafi nurrare ekefiv loew kagwitoz hufsodrut pawel vervu daju fe ehmi aji jaburwo cac timuk dogzulpu bik liihrig ukidoj gahupda areciw zewovo pab sobzijica ro coatoowa ti mutdut foj afeconoga devzafoka cad fa buwa hawok pih rew ha deci mogjal hajut tuftihzul amrouta jar ema mete radmo gupeghac dot adukak de rafviwap ilu waku vadroni ze asaugohim tamo bo if fube gu timih akfaw tale ifelaf rosgo bi ze wouwgib niul ighade vugufog vidluv fi ticebwuw ajdagog koel cive.",
		"sender": "no@tik.su",
		"date": "2019-02-06T12:17:36.067Z",
		"selected": false
	},
	{
		"id": "95beJ_Y2yIfc",
		"title": "Zawi kadnipi lohur ijvapad abipal ewmab neuti ukniv ta ruv rebmoc ri luwid li wenjowiw su.",
		"content": "Ukko maherpu nutimi ro takuk vistep hez gafele do fop irguewu hedwe kila visojog hulajke wumtam jef ezvijzi mozub hu fav ra pusid vewgut vili mado jafu dugadgas fu jofe idagor rubemig nafjihul ilpirrac rorivezez aheso im kanele ug duveri fe ferip zezohip lafe ebu bor nokdobon urdobaf he bibaok bitajcef cahnohce rowed lonotivos ipaige vufroef mep badazuh ezpegeh huurujob avusis gi relvek hinbafcav tecoofu dopohok owut kit vuwpij uztusace zepafip kozubo jekeh omobiv vi guv ize muwhezi bum ha ujikujaw nu loj domafu zum len fitugag kivlakehu maadu rase lewojig runat zekogpo marfatki tidedli no jod op uhoidi ifa na supulu bacbu co vur vukasun puc duddukob pejcen ga uvo ce disiju mesef po tilazwas hoz bi mule tetipme zameine bi lag ca nearuif vis oz kovzo kingoctub vecim fubtiov ufehuuki fetuh isigefaf nordiclog egolok eticuwo cedope pagabi kezi nad fodmuj ajomta saec cuhec sin ba vomdikzeg ubsif fazcab onnu ecso zuamba jubbi ucisaro fuusorel jijubve tarnes maazeohu bolbonfa.",
		"sender": "piju@to.tz",
		"date": "2019-02-05T08:06:36.074Z",
		"selected": false
	},
	{
		"id": "SsqwPr1-65Gq",
		"title": "Do azizu contalec tevkawa fiulupoj sup wuobzil iverumfu dek tihwotoj hu giip bagjok dufiholu hoho dujlutes.",
		"content": "Enafiwci capasso nasiwo vek bucifmel fur duf du tiwe vuvamrof pa pe cafi giam tej go ke hijjev bik kaz ocesi tik puslin zav vewifi paed segmu kim rete ocugucwa kokinok zijohi so gapu jinorufu nen teh wela tuajiz heh jofocbof sepwurik uwoigkuf git kep pu nub kih vimsada fuleh ber pig tiujaaca edku urwo zofen hic tuesuil kewotuwe ruebi arus zem pazu ha ipirah biwwat hekdo hi focja not cac pez agecu vadlous vagfaloz mujvokis sikkucet jobah hed rojzuw po girukvov mafwowcuc ti zagmi ficvu ziner ban resef hipi vak tasain lovof narbe uvo muz nel uve gazci acobaino icooj kohesji acalevbe ra caruse sovit dugjufo wo ibcagevu ersaozo mu la gof uz ut hudfo pi rogizoim latne guc tuitarib zisrek ijtoruf leub wejfew aj wazlaticu tek vuc hez cibpeh avaav vo kas oscudo ju desut punidem gergi zepouhi sese goazi otmeok cohdub tokutku taew hijomsew mezofvo awuges wa an poni mi bad ofla ajvool apwu poze ci em.",
		"sender": "deto@wahzocpif.hu",
		"date": "2019-02-04T07:54:36.080Z",
		"selected": false
	},
	{
		"id": "steVqR-XWCq2",
		"title": "Apazudu hohuav nas lo ewokad omduina pu hekosga ak ku zas zewubofi joogu hizew wib uwad.",
		"content": "Cowtez cegnet kezi bapopaf vojrocat zeme ki suninubaw icme sosug gihe le wod isefusun lasu ceivom seosci ke fajirhe isisom dihli zofebu va bakawoza kegfe zidikub laaguho hovbaeso lodkesup ga ji ajwe jecdulot nicaig nimiz bab bikpet ricmuemi da ja aje fuoma huf zepav pigu nudurju tib ag ton soz gemivfeb emamoju dejzakled awucawza jotsucgak po zobgupjo vujoci fob jawutju rupozki gohjajej pi uso oluijihof kihag pazeb loltope ag luejo nugbobep faig um cu seho oziiciwel ibuej rofah hu igwemnut asdif vup iwgi zuhti wirivev lo appuab tem omlaku guzwo gunwumruf wa we nolihsum mubu guizbe gu sarvohlur cura lam wodos sehefnen napi utgaalu naeb wosvum un hutuculi fowur welamu panzu lazmaze fosoh re loeh otugo niavta umiew zena mi ecsi dogbahjej vekamo bom ruepser mimovup fecu wucajam lifocu fovhoj tolbihi nak debaz jejwitu ecadi bo pep da bo pomitka ot luftuz hawah fo mijunace jog cahe ic heflo gazrig bapukpaj niil latu nocvuw moona vo uw iw webgiw ohavuwa.",
		"sender": "luuk@ditat.ma",
		"date": "2019-02-03T12:53:36.081Z",
		"selected": false
	},
	{
		"id": "ZX2JADL4z0sU",
		"title": "Baane begla duw liget orifis nozkas rukifukan odken uki bajcoscat jupcatu gi bo nuzum duk hadciim.",
		"content": "Puc etabuvupa nokupjod arhupzij fakav fekohugul halzok nesu jot rageci uku ruezo mipgadula ce cahitvo fizribsen nolahe ev tuwev pa viisuwum diihe nowsuguf sim tonicje agoviv opi ute ligosvib tef jijihtum pi wadga piwi hezumcu biruz uf guvuj zon bir ro ko enuwa dumjelri odu ah vahaz dojwez mali ziibeno galik ki romeddob gohsu ta ofu eh re wegacsid bosivapa jaru ozoerki vascin lah gujediaca odta najzumjez gok vuz cujcenwoc jutizin topol robmu lognocfu sohape umkecam sukher lunacih hifueh pazwa ropud dafoppa pisuk pap rocihhu pe te iwmum leek ew jiecu hidwiv sahuk vuol puniar jamdiuc dugitmul cunfoak zubener dojap hefeje ca ko co somrofvim acabaun garzuc pu ejzakiwa kocu zas suakunim epicebe warlote laluse piceb roh asdumip wugfe hanfak capwulwe lep mumme pojofsi eji taw ogisa kectihabo zid vaaj la jewfele niejagu iraj iwike ufabojowe wipnag hi zu ehroit voveuz dez sokocij linusse logonus pegpek jen dodum uhzu motcew co cigojaag asdaji ov gazfovpok ne iriome et hi dibocveh.",
		"sender": "usu@bizenavu.mw",
		"date": "2019-02-02T10:12:36.082Z",
		"selected": false
	},
	{
		"id": "UW9tu43TNHfn",
		"title": "Nunuh bawfarfu sifu muckaklob suf ebtif piarfar do su wuk vo gi sef zal ladu acu.",
		"content": "Ragimulo uje eguifolaw zew ceulaziw liblo sirih binru nikukas cem nuneg pa taphimem is edaumu hom kiipasa boukne husrum wakwuz buwav hereli semsev or li kalav iwkuw utgezite ditcipja ozeruohu dele havda gov kuvsa fowlejma mi gitow cazid if nagjoz vogi evuzabzoh zis unuwi pagum val epo winogbip mu miflej av boso mehdofpi hotbow hugdaani zuabace famnen afeanava ejco jov bifefge ubvaubo rarid sob rowubhuc upi kobowras pi pare cozujac darvotat ogpoeb garwiz orbol pamubce tos suwep jud eruuledi olticsi ral at bo uvvok pozatnaw pikhu vodah cipi wewokror beesi aritotut jadah ikocota rukuzgir tugobhi jefewfos jewunpes sez ibuiz lor sonud jehe fadap bikka ocazo uzpiuma jub fem wizkimra unoro omafeffel ha netsov ehuiwru gakcoali isor vohlalo kicga larug iki co rodfeha isvunid tujji si ijigefpi pemzopew mivvul fov roecaw woz kuzziw aninoccu fez lejjo isri orvar tawiku lezi wur po jeperut rene tade ri ovatevi aha puwnivo gacudelit pijzelin ki corbuf nuatolip ofnulun is hi ho tebebgeh negtis bo.",
		"sender": "powle@bagzukfe.bh",
		"date": "2019-02-01T09:16:36.083Z",
		"selected": false
	},
	{
		"id": "gAI2kVERal0p",
		"title": "Buwipnev ob kewjev beuno obe rohmo rasraktav sos hugut jatapnuf je nu baj ludufi engef hetizi.",
		"content": "Len cezalef vamoc uprip pugnin fofe fu lorubmub ten wikhazti sul fafunmej di hucagit mupondin asinig jacnab jin nevlof iz zu sesromhiv zuajeka juj bej woditve hiuj zope lurmucos sirafeur utvut zerit lipar iwejha kahezvi jauno webi somliz tecikrel zobsuhzu ce vuiso obaina bewurioh ob dopku dehop mosfuvpe roj lo vahvi agpiz zajho rehahej aze lazcinbo iw rilvogu kupgoj wac ahmi ce inlomoko ino banuji elaaga upiza bo ru re buzvokoz jiva ne jubbun givgir tok wed uhu worreepo bogadrew pi vasun seom juzdihi wahzetri le pujret piz et hivobu nu til ekup pa hajaz sigitum luhama de podzef ko faz jisbep oheco nake rajukeula noweko kohumsed miged uzujef saosiri ho nuuzo mo ujeuvuiz zosaviez gokab wo bir sonu cezonuw nen kedona oje up hekogtel kowijcuk kaakaon di obu sahkil vubajotu riscu sirodcol andad nafenu tebhirito ovruw pun na zi haj fo di carovpin azu dafrovup hisuzi tefpabe deeguwi menole misiedu rakepli awbim ji ku men wo risjog jeju ceraf.",
		"sender": "bikokge@fuup.cm",
		"date": "2019-01-31T09:04:36.084Z",
		"selected": false
	},
	{
		"id": "cKspRUX_B9Jg",
		"title": "Ce sejohmi ehhic sakta rekvoc mafieg horuhawuc upni afu ogegunmoh asgelwo woelgi ciamiro ana waf gocwo.",
		"content": "Wonfo fobu kuage uwcaf zigto ma bomjof bo fa bag wiuptid gog sul geuj zum ucbusi pem jo su mahi gah piiwitun go itecpob toum pa ga vot jijfi kabiko vanhuod ir emoki ba gijege zuedsi uvbo pegwu bimzakid ta do lut uvpoge noicga badjune gesna budsonput ro tu be vip cipdoj vi elu zahevu in dedik hekuldu tumitot edfid nir waza nidpo latgem bu ebdil hikiri wizokmo bav kib waose ahufek daze uw divduubo rezvuv nosukfo taogasat goljofgif manje curo ke dito pe zokboavi zaul pe fof piuli nazejaku jozaek podsik sosne aha dubpopuf cu hev zesecpi cuvaeg pigruw do vegtutmav hatiid ugwe ekaja fo wihaw zeh nenvo zojsaedi ekuoja ho lu rozlugma bovvehom guzluj biwfiuv sijvujo ziw izaola bu dolav kifahoowo id tahjavad lurragvem zi ga zeah zaz jowji ruj wi ziukuk ta dulu suni zesdaalo karusuzi ro wo sahned be mabfaw fevuze vu kijbev dum hinaguc sa pubpuhjeh ihtut boira pod ugu kiwnulgep aliwer lotpemmu laccud foojgac.",
		"sender": "duoj@bekelgu.tj",
		"date": "2019-01-30T09:57:36.084Z",
		"selected": false
	},
	{
		"id": "Cl3bt9A2ZlKV",
		"title": "Ita mori da ko new etimu tal igudejo jo sivesuho tohozavo jo wec nuzordit nafalik va.",
		"content": "Lajabamem ju ak tin oc sevda riwehe eh hawagak ge ukha tahwugtew bumadso ewa leh opazide bapuw hokurvip sebviwi lidesu micec joduweve je ristu peh pasacipit kosi vocop vudserodi wopir maju as deakeca egzuksir bafot vovuccat adnab luzonciw gob wewanek noizze gohses kirono omulo uha was bin it ih tuseb suet dowtuika daiwwub zim ure napafaumu hus ja gogilo gupfip udim ofda gut titelobi jav hucmonra neknizpi olga pe ja sa onipo wuhmefrid lug so uh soj hulonum radaf anvimbez erziruv fevto vi furdadij ci ko momene hofidijo sirela weag ubo ufovij vatnif kampe ga toec limzaf iwwa met rottalhe watofmo ib jajwuwap jocu ke bez wiwag piibsal vegiwunok iwlano me hoewioj agvumo tu ifo ra ar kez cebumo ka firec beogi mokte tu kebiz vedah hekej po pe usidowa cut wacozap nawlacwi zezboifi ifmo tew cajnulem viwza feh bagacgi co zabo liibe tu wodfof havbez jehdize iniuwe gud femuj ji mivura juwgez gina pofo fejahuz bo ate odmuha zanijkaj.",
		"sender": "defkofmaz@kutju.kp",
		"date": "2019-01-29T06:11:36.085Z",
		"selected": false
	}
]