[
  {
    "component": "Introduction",
    "category": "Getting Started",
    "link": "./index.html"
  },
  {
    "component": "Navbar",
    "category": "Navbar / Hero Sections",
    "link": "./navbar.html"
  },
  {
    "component": "Bootstrap only Dropdowns",
    "category": "Navbar / Hero Sections",
    "link": "./hero-sections.html"
  },
  {
    "component": "Features - General",
    "category": "Content",
    "link": "./features-general.html"
  },
  {
    "component": "Features - Stats",
    "category": "Content",
    "link": "./features-stats.html"
  },
  {
    "component": "Features - Step",
    "category": "Content",
    "link": "./features-step.html"
  },
  {
    "component": "Features - Navs",
    "category": "Content",
    "link": "./features-navs.html"
  },
  {
    "component": "Icon Blocks",
    "category": "Content",
    "link": "./icon-blocks.html"
  },
  {
    "component": "Cards Grid",
    "category": "Content",
    "link": "./cards-grid.html"
  },
  {
    "component": "Cards List",
    "category": "Content",
    "link": "./cards-list.html"
  },
  {
    "component": "Blogs Grid",
    "category": "Content",
    "link": "./blogs-grid.html"
  },
  {
    "component": "Blogs List",
    "category": "Content",
    "link": "./blogs-list.html"
  },
  {
    "component": "Directory Grid",
    "category": "Content",
    "link": "./directory-grid.html"
  },
  {
    "component": "Directory List",
    "category": "Content",
    "link": "./directory-list.html"
  },
  {
    "component": "Pricing",
    "category": "Content",
    "link": "./pricing.html"
  },
  {
    "component": "Testimonials",
    "category": "Content",
    "link": "./testimonials.html"
  },
  {
    "component": "Tables",
    "category": "Content",
    "link": "./tables.html"
  },
  {
    "component": "E-commerce",
    "category": "Content",
    "link": "./ecommerce.html"
  },
  {
    "component": "Pricing",
    "category": "Content",
    "link": "./pricing.html"
  },
  {
    "component": "Team Sections",
    "category": "Content",
    "link": "./team-sections.html"
  },
  {
    "component": "Call-to-Action (CTA)",
    "category": "Content",
    "link": "./cta.html"
  },
  {
    "component": "Breadcrumb",
    "category": "Content",
    "link": "./breadcrumb.html"
  },
  {
    "component": "Call-to-Action (CTA)",
    "category": "Content",
    "link": "./cta.html"
  },
  {
    "component": "Modals",
    "category": "Content",
    "link": "./modals.html"
  },
  {
    "component": "Portfolio",
    "category": "Content",
    "link": "./portfolio.html"
  },
  {
    "component": "Gallery",
    "category": "Content",
    "link": "./gallery.html"
  },
  {
    "component": "Clients",
    "category": "Content",
    "link": "./clients.html"
  },
  {
    "component": "Countdown",
    "category": "Content",
    "link": "./countdown.html"
  },
  {
    "component": "FAQ",
    "category": "Content",
    "link": "./faq.html"
  },
  {
    "component": "Lists",
    "category": "Content",
    "link": "./lists.html"
  },
  {
    "component": "Collapse/Accordion",
    "category": "Content",
    "link": "./collapse-accordion.html"
  },
  {
    "component": "Comments",
    "category": "Content",
    "link": "./comments.html"
  },
  {
    "component": "User Profile",
    "category": "Content",
    "link": "./user-profile.html"
  },
  {
    "component": "Sidebar Examples",
    "category": "Content",
    "link": "./sidebar-examples.html"
  },
  {
    "component": "Calendar View",
    "category": "Content",
    "link": "./calendar-view.html"
  },
  {
    "component": "Notification",
    "category": "Content",
    "link": "./notification.html"
  },
  {
    "component": "Content Sections",
    "category": "Content",
    "link": "./content-sections.html"
  },
  {
    "component": "Form - Authentication",
    "category": "Content",
    "link": "./forms-authentication.html"
  },
  {
    "component": "Form - Feedback",
    "category": "Content",
    "link": "./forms-feedback.html"
  },
  {
    "component": "Form - Filters",
    "category": "Content",
    "link": "./forms-filters.html"
  },
  {
    "component": "Form - Search",
    "category": "Content",
    "link": "./forms-search.html"
  },
  {
    "component": "Form - Directory",
    "category": "Content",
    "link": "./forms-directory.html"
  },
  {
    "component": "Form - Subscribe",
    "category": "Content",
    "link": "./forms-subscribe.html"
  },
  {
    "component": "Form - Accordion",
    "category": "Content",
    "link": "./forms-accordion.html"
  },
  {
    "component": "Form - Wizard &amp; Steps",
    "category": "Content",
    "link": "./forms-wizard-and-steps.html"
  },
  {
    "component": "Contact",
    "category": "Contact / Footer",
    "link": "./contact-sections.html"
  },
  {
    "component": "Footer",
    "category": "Contact / Footer",
    "link": "./footer.html"
  }
]
