[
	{"name": "500px"},
	{"name": "album"},
	{"name": "arrow-down"},
	{"name": "arrow-left"},
	{"name": "arrow-right"},
	{"name": "arrow-up"},
	{"name": "ban"},
	{"name": "behance"},
	{"name": "bell"},
	{"name": "bold"},
	{"name": "bolt"},
	{"name": "bookmark"},
	{"name": "calendar"},
	{"name": "camera"},
	{"name": "cart"},
	{"name": "check"},
	{"name": "chevron-double-left"},
	{"name": "chevron-double-right"},
	{"name": "chevron-down"},
	{"name": "chevron-left"},
	{"name": "chevron-right"},
	{"name": "chevron-up"},
	{"name": "clock"},
	{"name": "close"},
	{"name": "cloud-download"},
	{"name": "cloud-upload"},
	{"name": "code"},
	{"name": "cog"},
	{"name": "comment"},
	{"name": "commenting"},
	{"name": "comments"},
	{"name": "copy"},
	{"name": "credit-card"},
	{"name": "database"},
	{"name": "desktop"},
	{"name": "download"},
	{"name": "dribbble"},
	{"name": "expand"},
	{"name": "facebook"},
	{"name": "file"},
	{"name": "file-edit"},
	{"name": "file-pdf"},
	{"name": "file-text"},
	{"name": "flickr"},
	{"name": "folder"},
	{"name": "forward"},
	{"name": "foursquare"},
	{"name": "future"},
	{"name": "git-branch"},
	{"name": "git-fork"},
	{"name": "github"},
	{"name": "github-alt"},
	{"name": "gitter"},
	{"name": "google"},
	{"name": "google-plus"},
	{"name": "grid"},
	{"name": "happy"},
	{"name": "hashtag"},
	{"name": "heart"},
	{"name": "history"},
	{"name": "home"},
	{"name": "image"},
	{"name": "info"},
	{"name": "instagram"},
	{"name": "italic"},
	{"name": "joomla"},
	{"name": "laptop"},
	{"name": "lifesaver"},
	{"name": "link"},
	{"name": "linkedin"},
	{"name": "list"},
	{"name": "location"},
	{"name": "lock"},
	{"name": "mail"},
	{"name": "menu"},
	{"name": "microphone"},
	{"name": "minus"},
	{"name": "minus-circle"},
	{"name": "more"},
	{"name": "more-vertical"},
	{"name": "move"},
	{"name": "nut"},
	{"name": "pagekit"},
	{"name": "paint-bucket"},
	{"name": "pencil"},
	{"name": "phone"},
	{"name": "phone-landscape"},
	{"name": "pinterest"},
	{"name": "play"},
	{"name": "play-circle"},
	{"name": "plus"},
	{"name": "plus-circle"},
	{"name": "print"},
	{"name": "pull"},
	{"name": "push"},
	{"name": "question"},
	{"name": "quote-right"},
	{"name": "receiver"},
	{"name": "reddit"},
	{"name": "refresh"},
	{"name": "reply"},
	{"name": "rss"},
	{"name": "search"},
	{"name": "server"},
	{"name": "settings"},
	{"name": "shrink"},
	{"name": "sign-in"},
	{"name": "sign-out"},
	{"name": "social"},
	{"name": "soundcloud"},
	{"name": "star"},
	{"name": "strikethrough"},
	{"name": "table"},
	{"name": "tablet"},
	{"name": "tablet-landscape"},
	{"name": "tag"},
	{"name": "thumbnails"},
	{"name": "trash"},
	{"name": "triangle-down"},
	{"name": "triangle-left"},
	{"name": "triangle-right"},
	{"name": "triangle-up"},
	{"name": "tripadvisor"},
	{"name": "tumblr"},
	{"name": "tv"},
	{"name": "twitter"},
	{"name": "uikit"},
	{"name": "unlock"},
	{"name": "upload"},
	{"name": "user"},
	{"name": "users"},
	{"name": "video-camera"},
	{"name": "vimeo"},
	{"name": "warning"},
	{"name": "whatsapp"},
	{"name": "wordpress"},
	{"name": "world"},
	{"name": "xing"},
	{"name": "yelp"},
	{"name": "youtube"}
]
