[
	{
		"id": "4bbe2afb-7465-38cf-946e-73151cb72a83",
		"fName": "Aliza",
		"lName": "Buckridge",
		"company": "Monahan, Anderson and Feeney",
		"phone": "(245) 746-4048 x426",
		"email": "faustino73@ullrich.org"
	},
	{
		"id": "a598864e-2dd4-34bb-9ba7-14d433cfc88d",
		"fName": "Wilton",
		"lName": "Schaden",
		"company": "Kemmer-Adams",
		"phone": "615-405-8079 x96285",
		"email": "kobe61@hotmail.com"
	},
	{
		"id": "9af7c92f-2c3e-3c9b-8833-298ecafcaddf",
		"fName": "Pietro",
		"lName": "Hessel",
		"company": "Gorczany-Mann",
		"phone": "826-393-2525",
		"email": "ethan77@bauch.com"
	},
	{
		"id": "70fea592-cd74-3919-a281-f1d82b9a36b6",
		"fName": "Jayde",
		"lName": "Smith",
		"company": "Hermann, Hintz and Keebler",
		"phone": "214-572-8644",
		"email": "tkeeling@kohler.com"
	},
	{
		"id": "e85a61e7-a455-35d4-979e-a609d9a0c0e0",
		"fName": "Harry",
		"lName": "Kris",
		"company": "Gerlach-Wilderman",
		"phone": "957-273-4922 x215",
		"email": "nritchie@bode.com"
	},
	{
		"id": "525de984-d9a2-3f13-a2f2-c5a86e9c7b6b",
		"fName": "Marco",
		"lName": "Renner",
		"company": "Smith Inc",
		"phone": "232-725-1856",
		"email": "devon.rice@yahoo.com"
	},
	{
		"id": "c3589f8e-9cc0-3f85-97da-e885d5bdd980",
		"fName": "Adrian",
		"lName": "Doyle",
		"company": "Hayes Ltd",
		"phone": "505-839-4850 x34030",
		"email": "armstrong.lowell@gmail.com"
	},
	{
		"id": "45109ccb-0dc6-39ad-b43a-5a30ea0bf73e",
		"fName": "Hortense",
		"lName": "Leffler",
		"company": "Hauck, O'Reilly and Langosh",
		"phone": "1-391-794-6041",
		"email": "mclaughlin.retta@baumbach.com"
	},
	{
		"id": "b94dc008-e310-36b7-9e2d-b256e8212711",
		"fName": "Margaretta",
		"lName": "Welch",
		"company": "Skiles-Satterfield",
		"phone": "1-983-714-4955 x255",
		"email": "roslyn.oreilly@stokes.com"
	},
	{
		"id": "fc84a6e4-eac4-36e0-82e5-1b34fef802da",
		"fName": "Bernice",
		"lName": "Lockman",
		"company": "Hansen-Farrell",
		"phone": "1-948-212-1383 x382",
		"email": "xrodriguez@yahoo.com"
	},
	{
		"id": "3aca4802-8394-31ed-aaa5-0a23bb65b6eb",
		"fName": "Alycia",
		"lName": "Kassulke",
		"company": "Blick-Beatty",
		"phone": "1-961-717-8673",
		"email": "garry.rutherford@yahoo.com"
	},
	{
		"id": "41d0807e-03b0-3a18-9bd8-5626783deec8",
		"fName": "Wayne",
		"lName": "Turcotte",
		"company": "Mante-Schuppe",
		"phone": "567.613.2043",
		"email": "christelle.eichmann@yahoo.com"
	},
	{
		"id": "5dc1d687-1b0b-3b17-a90a-ffb948ba02bb",
		"fName": "Scarlett",
		"lName": "Stehr",
		"company": "Dooley and Sons",
		"phone": "223-392-1854",
		"email": "wisozk.juanita@hotmail.com"
	},
	{
		"id": "3ad4dc88-240e-3b57-9292-42ddf1476c00",
		"fName": "Pascale",
		"lName": "Buckridge",
		"company": "Ankunding, Moore and Tremblay",
		"phone": "904.428.5578 x948",
		"email": "bulah.dickens@hessel.com"
	},
	{
		"id": "d519a336-10aa-3687-b2b7-fade19a68817",
		"fName": "Jacinthe",
		"lName": "Rice",
		"company": "Kovacek-Goodwin",
		"phone": "(209) 522-0067 x785",
		"email": "fisher.geovanni@kuhlman.com"
	},
	{
		"id": "f7cce980-2236-30f3-adb9-030468eb409f",
		"fName": "Marion",
		"lName": "Nader",
		"company": "Konopelski Inc",
		"phone": "919-844-0446",
		"email": "ghodkiewicz@hotmail.com"
	},
	{
		"id": "33392f09-2e56-38e0-9ed8-312317046ff2",
		"fName": "Velda",
		"lName": "Robel",
		"company": "Schinner-Torp",
		"phone": "1-505-666-6028 x56931",
		"email": "reece12@yahoo.com"
	},
	{
		"id": "64ffe25a-cf8c-3c26-830d-950ab29cce56",
		"fName": "Lavonne",
		"lName": "Schaefer",
		"company": "Parker, Runte and McDermott",
		"phone": "+1 (930) 345-2950",
		"email": "efren15@jacobson.com"
	},
	{
		"id": "4d6aab34-dfc0-3849-8da8-d2355f2ff9fe",
		"fName": "Lori",
		"lName": "Hartmann",
		"company": "Fritsch Inc",
		"phone": "1-376-691-2379 x7483",
		"email": "rbahringer@konopelski.com"
	},
	{
		"id": "e0f9db50-84b1-381b-8b51-56e77bd83eca",
		"fName": "Tina",
		"lName": "Daugherty",
		"company": "Mraz Group",
		"phone": "1-857-995-6239 x79958",
		"email": "roberts.alexys@miller.org"
	},
	{
		"id": "81fc4b2d-f2d5-3bfc-a3dc-546072de3a5f",
		"fName": "Elton",
		"lName": "Terry",
		"company": "Hahn-Kertzmann",
		"phone": "725-823-9100 x36667",
		"email": "mayer.una@little.com"
	},
	{
		"id": "7ca8ba7e-9f9b-36a3-aeed-361a72886570",
		"fName": "Delmer",
		"lName": "Schaefer",
		"company": "Cassin Ltd",
		"phone": "1-594-586-0713 x0146",
		"email": "jjakubowski@gleichner.com"
	},
	{
		"id": "d81944c1-15b3-30e9-b495-aa41f1c85c84",
		"fName": "Jazlyn",
		"lName": "Abernathy",
		"company": "Kovacek Ltd",
		"phone": "+1-908-231-1380",
		"email": "toy.katelin@koch.com"
	},
	{
		"id": "a55d3899-7dac-3ef4-ba0f-d927b5012d78",
		"fName": "Domenic",
		"lName": "Labadie",
		"company": "Goodwin and Sons",
		"phone": "(231) 323-9912 x008",
		"email": "adolph.botsford@hotmail.com"
	},
	{
		"id": "9d7f9cbd-ecb5-37e8-9bcc-5928e260d358",
		"fName": "Reggie",
		"lName": "Macejkovic",
		"company": "Kuvalis, Berge and Luettgen",
		"phone": "418.735.4810 x24731",
		"email": "dubuque.roselyn@yahoo.com"
	},
	{
		"id": "b5f09867-c5c5-30d0-b486-f4a2ec3241bd",
		"fName": "Reina",
		"lName": "Hodkiewicz",
		"company": "Heathcote Group",
		"phone": "1-879-897-9079 x31559",
		"email": "robb57@gmail.com"
	},
	{
		"id": "1d7c879e-25ff-30f2-bb45-a854b11af8c5",
		"fName": "Lukas",
		"lName": "Reinger",
		"company": "Jerde Ltd",
		"phone": "376-341-1681",
		"email": "blanche.larson@lindgren.com"
	},
	{
		"id": "ab0db2e2-e9f5-3328-a5c1-f60e15a65d14",
		"fName": "Lucas",
		"lName": "Rempel",
		"company": "Keebler Ltd",
		"phone": "+1-851-713-8751",
		"email": "udaniel@gmail.com"
	},
	{
		"id": "47be7c47-7f27-3b58-9c1c-b37c37d6de0f",
		"fName": "Jovany",
		"lName": "Friesen",
		"company": "Renner-Stehr",
		"phone": "461.368.0688",
		"email": "malika.predovic@shanahan.com"
	},
	{
		"id": "19d76fe1-81d8-39f9-a1e0-852ea6fa52fc",
		"fName": "Rosalind",
		"lName": "Halvorson",
		"company": "Buckridge LLC",
		"phone": "865.224.7972 x45655",
		"email": "qpaucek@kulas.com"
	},
	{
		"id": "89984140-44d6-32ce-b045-8a5e54524e23",
		"fName": "Raegan",
		"lName": "Erdman",
		"company": "Dickens Group",
		"phone": "+1-878-223-2706",
		"email": "boyle.orlando@gmail.com"
	},
	{
		"id": "96b36dff-432e-3098-b722-b4331c0a5ac1",
		"fName": "Daniella",
		"lName": "Simonis",
		"company": "Hartmann, Renner and Wisoky",
		"phone": "574-328-3807",
		"email": "fshields@hotmail.com"
	},
	{
		"id": "2898c448-2f1b-3e44-b9b9-fddb26737bd8",
		"fName": "Bianka",
		"lName": "Franecki",
		"company": "Ziemann Inc",
		"phone": "(276) 525-7976 x938",
		"email": "ora.oberbrunner@kassulke.com"
	},
	{
		"id": "f29b54e7-1162-3a93-a2ab-f256d5970f81",
		"fName": "Willa",
		"lName": "Grant",
		"company": "Johns-Hoeger",
		"phone": "1-821-429-3889",
		"email": "sheaney@hotmail.com"
	},
	{
		"id": "00535ede-09e4-3f5c-a175-573f91f703f1",
		"fName": "Jeramie",
		"lName": "Thiel",
		"company": "Kub, Kilback and Jerde",
		"phone": "769-938-3073",
		"email": "dawn98@hotmail.com"
	},
	{
		"id": "1bce772c-7446-3069-a155-f9e63b8fc26d",
		"fName": "Leon",
		"lName": "Johns",
		"company": "Durgan LLC",
		"phone": "(330) 780-0906 x07655",
		"email": "powlowski.courtney@conroy.com"
	},
	{
		"id": "93d8aab1-8538-3cbc-a980-c3a78ed66e0b",
		"fName": "Michele",
		"lName": "Leuschke",
		"company": "Corkery-Ledner",
		"phone": "+19917831169",
		"email": "clifton03@gmail.com"
	},
	{
		"id": "333b1dea-1109-3910-9c55-b0fbf43be739",
		"fName": "Katarina",
		"lName": "Williamson",
		"company": "Nicolas-Jakubowski",
		"phone": "648.567.1187",
		"email": "julio.dare@koch.biz"
	},
	{
		"id": "2e1cfb19-66e6-3a34-8a8e-b312725d4ab5",
		"fName": "Bonnie",
		"lName": "Hermann",
		"company": "Pfannerstill, Lowe and Feil",
		"phone": "(681) 496-8901 x77533",
		"email": "bpacocha@yahoo.com"
	},
	{
		"id": "a601ce21-7875-3e73-b0b6-30c1082845a0",
		"fName": "Ransom",
		"lName": "Stracke",
		"company": "Mitchell Group",
		"phone": "1-250-619-7496 x632",
		"email": "heidi.herzog@walter.net"
	},
	{
		"id": "106dcdd2-1649-3c23-978f-dbe1c32ff60a",
		"fName": "Bethany",
		"lName": "Reichel",
		"company": "Dickinson, Stamm and Greenholt",
		"phone": "767.338.7000 x36466",
		"email": "ashleigh72@hotmail.com"
	},
	{
		"id": "78e7c190-850d-395e-9789-3b1ca5bcaccc",
		"fName": "Cordie",
		"lName": "Schuster",
		"company": "Hudson-Batz",
		"phone": "450-757-0327",
		"email": "rparisian@gmail.com"
	},
	{
		"id": "0217e870-13ab-3f7c-9a38-d6adc418846b",
		"fName": "Andreane",
		"lName": "Connelly",
		"company": "Weimann LLC",
		"phone": "1-241-870-4470 x09452",
		"email": "veum.consuelo@yahoo.com"
	},
	{
		"id": "0681bf0c-5bfa-305e-8cb3-34abd2301c36",
		"fName": "Layla",
		"lName": "Hyatt",
		"company": "Murphy, Heller and Heidenreich",
		"phone": "267-377-4957",
		"email": "amani.abshire@denesik.com"
	},
	{
		"id": "6dd52374-2df0-30f1-a22c-9088f9bc9113",
		"fName": "Kirstin",
		"lName": "Von",
		"company": "Pouros-Effertz",
		"phone": "+1-556-234-1604",
		"email": "vconn@kunde.com"
	},
	{
		"id": "d7288ee1-5754-3599-a49b-ee414db67c27",
		"fName": "Germaine",
		"lName": "Kunze",
		"company": "Abernathy, Renner and Larkin",
		"phone": "(538) 525-8047",
		"email": "noemy47@oreilly.org"
	},
	{
		"id": "72e9e272-ae41-358e-94b0-fa3154800e6b",
		"fName": "Sophie",
		"lName": "Bartell",
		"company": "Casper, Abernathy and Moore",
		"phone": "404-274-3355",
		"email": "krippin@hotmail.com"
	},
	{
		"id": "d627cec6-2eeb-31fd-aec4-1d7938a77108",
		"fName": "Albert",
		"lName": "Hahn",
		"company": "Denesik, Ritchie and O'Keefe",
		"phone": "(708) 385-5582",
		"email": "larson.friedrich@yahoo.com"
	},
	{
		"id": "1c91300d-281f-3aa4-9442-bf8ed6fe03d6",
		"fName": "Jalen",
		"lName": "Harber",
		"company": "Brekke LLC",
		"phone": "750-851-0058 x676",
		"email": "fbarrows@gmail.com"
	},
	{
		"id": "147b83d7-3ee2-356c-abb1-59ff5dc18db0",
		"fName": "Merle",
		"lName": "Langosh",
		"company": "Ratke-Reynolds",
		"phone": "721-710-9697",
		"email": "ucartwright@hand.org"
	},
	{
		"id": "65aada71-e65c-3eb4-9039-6d8bd5acc3f1",
		"fName": "Estevan",
		"lName": "Cassin",
		"company": "Bode, Beier and Feeney",
		"phone": "1-814-852-3096",
		"email": "considine.rosalinda@jones.com"
	},
	{
		"id": "817f004c-16b0-3419-a588-a80417550cdd",
		"fName": "Magnus",
		"lName": "Larson",
		"company": "Murray, Langosh and Moen",
		"phone": "647-717-4679 x5288",
		"email": "fmann@gmail.com"
	},
	{
		"id": "47bdbce8-1b1f-3a62-9edc-09f23fcf6d82",
		"fName": "Monica",
		"lName": "Moore",
		"company": "Friesen, Rutherford and Doyle",
		"phone": "1-751-652-9200 x076",
		"email": "emilie61@reynolds.com"
	},
	{
		"id": "78c2b5de-974e-326d-ab15-bc4e7849f51c",
		"fName": "Carlie",
		"lName": "Mitchell",
		"company": "Kemmer, Grant and McLaughlin",
		"phone": "(901) 594-8989 x405",
		"email": "lamar51@zieme.biz"
	},
	{
		"id": "9debcbe8-8354-3cf1-84b6-4e4a5f04dc2e",
		"fName": "Vidal",
		"lName": "Rippin",
		"company": "Labadie, Koelpin and Koepp",
		"phone": "1-765-299-3507",
		"email": "swiegand@gmail.com"
	},
	{
		"id": "6cf25da8-6367-3a72-af8c-4027f6802d15",
		"fName": "Kelli",
		"lName": "Jacobs",
		"company": "Adams-Mueller",
		"phone": "249-368-1854 x580",
		"email": "cummerata.cullen@keeling.com"
	},
	{
		"id": "5617e9b1-6816-3987-95c8-b9036626e281",
		"fName": "Mohammed",
		"lName": "Gerlach",
		"company": "Runolfsson Group",
		"phone": "774.963.1033 x8444",
		"email": "wwillms@batz.com"
	},
	{
		"id": "e201f22f-215b-3b34-9547-21872237a1d2",
		"fName": "Nikita",
		"lName": "Breitenberg",
		"company": "Gibson, Lynch and Hammes",
		"phone": "+18615315997",
		"email": "louie77@gmail.com"
	},
	{
		"id": "9ad1f3ea-26c3-3a59-8ec2-8addfef6a84b",
		"fName": "Antonia",
		"lName": "Bergstrom",
		"company": "Davis, Towne and Dicki",
		"phone": "779.917.4035 x07040",
		"email": "brock.cummerata@gmail.com"
	},
	{
		"id": "f94b7a68-c772-3bb6-8a2e-00eb2f690d10",
		"fName": "Idell",
		"lName": "Metz",
		"company": "Ullrich, Little and Walter",
		"phone": "502.260.9309 x24458",
		"email": "aiyana95@koss.info"
	},
	{
		"id": "3304cbad-ed98-3441-8a24-b46526c41c34",
		"fName": "Dean",
		"lName": "Kessler",
		"company": "Funk LLC",
		"phone": "1-481-456-4553 x30727",
		"email": "hadley84@gmail.com"
	},
	{
		"id": "7ca7a484-eedd-3467-b0d8-b94575ed1b0a",
		"fName": "Ulises",
		"lName": "Schuppe",
		"company": "Herzog and Sons",
		"phone": "873-328-6396 x58627",
		"email": "miller.scarlett@treutel.com"
	},
	{
		"id": "4a8bfad3-784d-388d-a693-86983c692e98",
		"fName": "Emilie",
		"lName": "Kilback",
		"company": "Kuhlman-Ruecker",
		"phone": "+1 (446) 406-8579",
		"email": "mitchel24@shields.biz"
	},
	{
		"id": "c95c28bd-8235-3ead-8f6b-b43cda86ff92",
		"fName": "Sofia",
		"lName": "Yundt",
		"company": "Sauer-Rohan",
		"phone": "290-277-0866 x7532",
		"email": "hackett.jerrell@gmail.com"
	},
	{
		"id": "fac94d91-e584-3303-895d-6c73ff1c9b56",
		"fName": "Rick",
		"lName": "Lindgren",
		"company": "Funk-Hammes",
		"phone": "+1-226-586-0477",
		"email": "jayson58@hotmail.com"
	},
	{
		"id": "afc74241-687c-3d60-8f3c-84fbd5fe948b",
		"fName": "Nia",
		"lName": "Hodkiewicz",
		"company": "Wisozk and Sons",
		"phone": "(482) 759-8620 x0341",
		"email": "sawayn.merritt@yahoo.com"
	},
	{
		"id": "325b77d9-9f56-37e8-a311-b27814329d28",
		"fName": "Floyd",
		"lName": "Ziemann",
		"company": "Deckow-Feest",
		"phone": "537.241.9116",
		"email": "stella.mosciski@yahoo.com"
	},
	{
		"id": "fb6b51de-8055-3710-8b21-124cea5e125e",
		"fName": "Pearlie",
		"lName": "Tillman",
		"company": "Hand PLC",
		"phone": "1-432-525-4566 x443",
		"email": "georgette.spinka@schowalter.com"
	},
	{
		"id": "a966d9f6-eb56-30c1-84ef-7d1640024f67",
		"fName": "Herman",
		"lName": "Ziemann",
		"company": "Christiansen, Schumm and Heller",
		"phone": "(768) 441-4201 x9651",
		"email": "mccullough.gust@toy.net"
	},
	{
		"id": "82d2d05a-bfeb-3422-aacc-efb741ec699a",
		"fName": "Jayde",
		"lName": "Nicolas",
		"company": "Rempel and Sons",
		"phone": "+1.595.315.8396",
		"email": "kelli69@hotmail.com"
	},
	{
		"id": "a443bfc5-f332-3dad-afbc-6e54d6f84deb",
		"fName": "Katharina",
		"lName": "Kreiger",
		"company": "Parker and Sons",
		"phone": "363-714-4807 x4545",
		"email": "tparisian@raynor.biz"
	},
	{
		"id": "171925b5-875a-3e5f-bb0e-c92569a64715",
		"fName": "Regan",
		"lName": "Dickens",
		"company": "Hermiston, Tillman and Larkin",
		"phone": "936-910-8694",
		"email": "bert06@yahoo.com"
	},
	{
		"id": "f8d2faf5-c60a-3f4a-9895-f0d0966dffd0",
		"fName": "Rashawn",
		"lName": "Borer",
		"company": "Spinka-Huel",
		"phone": "+1 (394) 482-4640",
		"email": "hkeebler@ritchie.org"
	},
	{
		"id": "dd7971e0-d64a-37f4-a7c9-03cf26a86bd3",
		"fName": "Ilene",
		"lName": "West",
		"company": "Abshire Inc",
		"phone": "442.762.2123",
		"email": "dewayne.schaden@dickinson.com"
	},
	{
		"id": "cf46fdfa-8e84-3cf2-be79-b6ae391fb06c",
		"fName": "Daryl",
		"lName": "Hyatt",
		"company": "Stiedemann LLC",
		"phone": "+14736658370",
		"email": "myles.rolfson@gmail.com"
	},
	{
		"id": "d6138dc7-6037-3ab5-97f9-5f01fe8b6607",
		"fName": "Thomas",
		"lName": "Hamill",
		"company": "Cruickshank, Bosco and Stamm",
		"phone": "1-728-268-1129",
		"email": "heathcote.kenna@pollich.org"
	},
	{
		"id": "08432ce5-d378-3d2d-9b29-c0617679c389",
		"fName": "Marty",
		"lName": "Champlin",
		"company": "Hauck, Mitchell and Schaefer",
		"phone": "484-978-5537 x57748",
		"email": "janelle80@grant.com"
	},
	{
		"id": "25cc87f4-abc7-3b8b-a500-3fae95556a47",
		"fName": "Caitlyn",
		"lName": "Franecki",
		"company": "Mosciski Ltd",
		"phone": "(705) 676-3792 x101",
		"email": "bernice96@gmail.com"
	},
	{
		"id": "a115bd4e-cde4-3919-b8f4-a53d1cc5b795",
		"fName": "Jacklyn",
		"lName": "Schmeler",
		"company": "Yundt-Rohan",
		"phone": "593.536.0785 x5177",
		"email": "lstroman@dickens.com"
	},
	{
		"id": "1a2b7ce9-62c3-381b-8f1a-dfaa8db57b90",
		"fName": "Santiago",
		"lName": "Beahan",
		"company": "Walker Ltd",
		"phone": "215-921-4481",
		"email": "echristiansen@gmail.com"
	}
]